"d6a9630e-1c4b-4c56-a710-fe83e946d8db"; 1100
"Brak samochodow"; "w tym kraju"
"Brak mozliwosci wypozyczania"; "w tym miescie"
"44951e65-7647-4f90-aa15-ef9dea5a2152"; 1100
"Brak samochodow"; "w tym kraju"
"Brak samochodow"; "w tym kraju"
"Brak samochodow"; "w tym kraju"
"Brak samochodow"; "w tym kraju"
"Brak samochodow"; "w tym kraju"
"Brak samochodow"; "w tym kraju"
"Brak samochodow"; "w tym kraju"
"Brak samochodow"; "w tym kraju"
"Brak samochodow"; "w tym kraju"
"Brak samochodow"; "w tym kraju"
"Brak samochodow"; "w tym kraju"
"Brak samochodow"; "w tym kraju"
"Brak samochodow"; "w tym kraju"
"Brak samochodow"; "w tym kraju"
"Brak samochodow"; "w tym kraju"
"Brak samochodow"; "w tym kraju"
"Brak samochodow"; "w tym kraju"
"e020c2df-5b38-452d-b68c-369fbcdc60e7"; 1100
"ee98ac26-8757-40e3-87e5-850b1970d1c8"; 1100
"23c6f6e4-f55b-46dd-a29e-8ea44c5816b6"; 1100
"04184fcd-6517-4a62-9c07-6344ecd9c951"; 1100
"d7808f22-55fa-4747-9508-e05f7c1a3098"; 1100
"23e04ca4-e457-438d-92a6-8452992bfb10"; 1100
"e1614728-ec89-4f4f-ad0c-dc909f5cd51b"; 1100
"7666e538-5ad9-4008-a4a6-75f5593b2061"; 1100
"40199860-abb7-41ef-8265-010d0bae4f3c"; 1100
"9756f736-d720-43bc-93c1-e0412b159784"; 1100
"a9a163f2-dd5c-45b1-9680-5a55cb5f32fe"; 1100
"9bcb2e13-16e3-4eb0-b491-ebfaf325aef7"; 1100
"a63b4af3-2cd5-4211-b01c-0efaaf358ef9"; 1100
"7d93b04c-8938-4410-b9bb-303d8def63ef"; 1100
"2e5a4ee6-f555-46d5-b885-bd27c47982c8"; 1100
"6dbf7065-03c3-4b08-ab8a-5925b778796b"; 1100
"63ee1b7e-96fd-4524-9256-3a979d56fd2f"; 1100
"3b575281-077c-487e-8ad0-12db9b5779b8"; 1100
"Brak samochodow"; "w tym kraju"
"Brak mozliwosci wypozyczania"; "w tym miescie"
"e54fec8b-c028-4d77-aa89-c954c432f60d"; 1100
"Brak mozliwosci wypozyczania"; "w tym miescie"
"79ba399a-436e-43a6-a869-1e4ac31513ce"; 1100
"4b838e46-8f2d-451d-a8dc-91b0b211c94a"; 1100
"35a6f35d-e778-44ea-8a95-823e3ba1ca19"; 1100
"Brak mozliwosci wypozyczania"; "w tym miescie"
"7caad3a2-431a-4425-b512-7676fcea9ac2"; 1100
"386dad91-a270-4650-a76a-711ab31fc336"; 1100
"Brak samochodow"; "w tym kraju"
